6001;Störung Chiller;O
6002;Reservestörung 2 abstellend;O
6003;Reservestörung 3 abstellend;O
6004;Reservestörung 4 abstellend;O
6005;Reservestörung 5 abstellend;O
6006;Reservestörung 6 abstellend;O
6007;Reservestörung 7 abstellend;O
6008;Reservestörung 8 abstellend;O
6009;Reservestörung 9 abstellend;O
6010;Reservestörung 10 abstellend;O
6011;Reservestörung 11 abstellend;O
6012;Reservestörung 12 abstellend;O
6013;Reservestörung 13 abstellend;O
6014;Reservestörung 14 abstellend;O
6015;Reservestörung 15 abstellend;O
6016;Reservestörung 16 abstellend;O
6017;Reservestörung 17 abstellend;O
6018;Reservestörung 18 abstellend;O
6019;Reservestörung 19 abstellend;O
6020;Reservestörung 20 abstellend;O
6021;Reservestörung 21 abstellend;O
6022;Reservestörung 22 abstellend;O
6023;Reservestörung 23 abstellend;O
6024;Reservestörung 24 abstellend;O
6025;Reservestörung 25 abstellend;O
6026;Reservestörung 26 abstellend;O
6027;Reservestörung 27 abstellend;O
6028;Reservestörung 28 abstellend;O
6029;Reservestörung 29 abstellend;O
6030;Reservestörung 30 abstellend;O
6031;Flammrückschlagsicherung (Pr.1);O
6032;Kondensat Knockout-Pot level max (Pr.1);O
6033;Sicherheitstemperaturbegrenzer Heizstäbe (Pr.1);O
6034;Not-Aus / Sicherheitsschleife (Pr.1);O
6035;Ruhestromschleife unterbrochen (Pr.1);O
6050;Pneumatikdruck NUP 701 Minimum;O
6051;Messignalstörung Pneumatikdruck (NUP 701);O
6055;O2-Gehalt Maximum;O
6056;Messignalstörung O2-Gehalt;O
6060;Sicherungsfall Magnetventile;O
6070;Temperatur NUT 313 Behälter X zu hoch für Adsorption;O
6071;Temperatur NUT 323 Behälter X zu hoch für Adsorption;O
6075;Temperatur NUT 313 Behälter Y zu hoch für Adsorption;O
6076;Temperatur NUT 323 Behälter Y zu hoch für Adsorption;O
6080;Druck Behälter X NUP 211 Maximun;O
6081;Messignalstörung Druck Behälter X (NUP 211);O
6085;Druck Behälter Y NUP 221 Maximun;O
6086;Messignalstörung Druck Behälter Y (NUP 221);O
6090;Störung Desorption;O
6091;Verbleibende Desorptionszeit zu kurz bis Umschaltung Behälter;O
6095;Gasalarm (Pr.1);O
6096;Hauptschalter Leistungsteil offen;O
6101;Klappe NVT 101 gestört;O
6102;Klappe NVT 102 gestört;O
6103;Klappe NVT 203 gestört;O
6104;Klappe NVT 111 gestört;O
6105;Klappe NVT 121 gestört;O
6106;Klappe NVT 211 gestört;O
6107;Klappe NVT 221 gestört;O
6108;Klappe NVT 311 gestört;O
6109;Klappe NVT 321 gestört;O
6110;Klappe NVT 411 gestört;O
6111;Klappe NVT 421 gestört;O
6112;Klappe NVT 502 gestört;O
6113;Klappe NVT 300 gestört;O
6114;Klappe NVT 901 gestört;O
6115;Klappe NVT 911 gestört;O
6116;Klappe NVT 921 gestört;O
6121;"Rückmeldung ""Heizung aus"" fehlt, Behälter X.-B1 Heizkreis innen";O
6122;"Rückmeldung ""Heizung aus"" fehlt, Behälter X.-B1 Heizkreis außen";O
6123;"Rückmeldung ""Heizung aus"" fehlt, Behälter X.-B2 Heizkreis innen";O
6124;"Rückmeldung ""Heizung aus"" fehlt, Behälter X.-B2 Heizkreis außen";O
6125;"Rückmeldung ""Heizung aus"" fehlt, Behälter Y.-B1 Heizkreis innen";O
6126;"Rückmeldung ""Heizung aus"" fehlt, Behälter Y.-B1 Heizkreis außen";O
6127;"Rückmeldung ""Heizung aus"" fehlt, Behälter Y.-B2 Heizkreis innen";O
6128;"Rückmeldung ""Heizung aus"" fehlt, Behälter Y.-B2 Heizkreis außen";O
6130;Heizstabtemperatur zu gering, NUT 712 Behälter X.-B1 Heizkreis innen;O
6131;Heizstabtemperatur zu gering, NUT 714 Behälter X.-B1 Heizkreis außen;O
6132;Heizstabtemperatur zu gering, NUT 722 Behälter X.-B2 Heizkreis innen;O
6133;Heizstabtemperatur zu gering, NUT 724 Behälter X.-B2 Heizkreis außen;O
6134;Heizstabtemperatur zu gering, NUT 712 Behälter Y.-B1 Heizkreis innen;O
6135;Heizstabtemperatur zu gering, NUT 714 Behälter Y.-B1 Heizkreis außen;O
6136;Heizstabtemperatur zu gering, NUT 722 Behälter Y.-B2 Heizkreis innen;O
6137;Heizstabtemperatur zu gering, NUT 724 Behälter Y.-B2 Heizkreis außen;O
6201;Kein Aggregat in Betrieb – TSA blockiert;O
6202;Reservestörung 2 warnend;O
6203;Reservestörung 3 warnend;O
6204;Reservestörung 4 warnend;O
6205;Reservestörung 5 warnend;O
6281;Desorption Temperatur NUT 313 Behälter X Maximum (Pr.3);O
6282;Desorption Temperatur NUT 323 Behälter X Minimum (Pr.3);O
6283;Desorption Temperatur NUT 323 Behälter X Maximum (Pr.3);O
6284;Desorption Temperatur NUT 313 Behälter Y Minimum (Pr.3);O
6285;Desorption Temperatur NUT 313 Behälter Y Maximum (Pr.3);O
6286;Desorption Temperatur NUT 323 Behälter Y Minimum (Pr.3);O
6287;Desorption Temperatur NUT 323 Behälter Y Maximum (Pr.3);O
6290;Messignalstörung Temperatur TI 311 Behälter X (Pr.3);O
6291;Messignalstörung Temperatur TI 312 Behälter X (Pr.3);O
6292;Messignalstörung Temperatur NUT 313 Behälter X (Pr.3);O
6293;Messignalstörung Temperatur TI 314 Behälter X (Pr.3);O
6294;Messignalstörung Temperatur TI 321 Behälter X (Pr.3);O
6295;Messignalstörung Temperatur TI 322 Behälter X (Pr.3);O
6296;Messignalstörung Temperatur NUT 323 Behälter X (Pr.3);O
6297;Messignalstörung Temperatur TI 324 Behälter X (Pr.3);O
6300;Messignalstörung Temperatur TI 311 Behälter Y (Pr.3);O
6301;Messignalstörung Temperatur TI 312 Behälter Y (Pr.3);O
6302;Messignalstörung Temperatur NUT 313 Behälter Y (Pr.3);O
6303;Messignalstörung Temperatur TI 314 Behälter Y (Pr.3);O
6304;Messignalstörung Temperatur TI 321 Behälter Y (Pr.3);O
6305;Messignalstörung Temperatur TI 322 Behälter Y (Pr.3);O
6306;Messignalstörung Temperatur NUT 323 Behälter Y (Pr.3);O
6307;Messignalstörung Temperatur TI 324 Behälter Y (Pr.3);O
6310;Druck Behälter X NUP 211 Maximum nach  Druckausgleich (Pr.3);O
6311;Druck Behälter Y NUP 221 Maximum nach  Druckausgleich (Pr.3);O
6312;Verbleibende Desorptionszeit zu kurz bis Umschaltung Behälter;O
6315;Kondensatfüllstand maximum (Pr.3);O
6316;Kondensatfüllstand minimum (Pr.3);O
6317;Messignalstörung Kondensatfüllstand;O
6320;Parameter fehlen;O
6322;Fehlermeldung von serieller Schnittstellenbaugruppe;O
6323;Unterbrechung Datenverkehr mit serieller Schnittstellenbaugruppe;O
6324;Wartungsanforderung;O
6325;Sicherungsfall Heizkreis;O
6326;Gasvoralarm;O
6327;Messignalstörung  Off Gas Mix  Temperatur T606;O
6328;Messignalstörung  Trägergastemperatur T501;O
6330;"Rückmeldung ""Heizung ein"" fehlt, Behälter X.-B1 Heizkreis innen (Pr.3)";O
6331;"Rückmeldung ""Heizung ein"" fehlt, Behälter X.-B1 Heizkreis außen (Pr.3)";O
6332;"Rückmeldung ""Heizung ein"" fehlt, Behälter X.-B2 Heizkreis innen (Pr.3)";O
6333;"Rückmeldung ""Heizung ein"" fehlt, Behälter X.-B2 Heizkreis außen (Pr.3)";O
6334;"Rückmeldung ""Heizung ein"" fehlt, Behälter Y.-B1 Heizkreis innen (Pr.3)";O
6335;"Rückmeldung ""Heizung aus"" fehlt, Behälter Y.-B1 Heizkreis außen (Pr.3)";O
6336;"Rückmeldung ""Heizung ein"" fehlt, Behälter Y.-B2 Heizkreis innen (Pr.3)";O
6337;"Rückmeldung ""Heizung ein"" fehlt, Behälter Y.-B2 Heizkreis außen (Pr.3)";O
6340;Messignalstörung Reserveanalogwert 1;O
6341;Messignalstörung Reserveanalogwert 2;O
6342;Messignalstörung Reserveanalogwert 3;O
6343;Messignalstörung Reserveanalogwert 4;O
6344;Messignalstörung Reserveanalogwert 5;O
6345;Messignalstörung Reserveanalogwert 6;O
6346;Messignalstörung Reserveanalogwert 7;O
6347;Messignalstörung Reserveanalogwert 8;O
6348;Messignalstörung Reserveanalogwert 9;O
6349;Messignalstörung Reserveanalogwert 10;O
6351;Messignalstörung Temperatur NUT 40x;O
6352;Messignalstörung Temperatur NUT 50x;O
6353;Messignalstörung Temperatur NUT 60x;O
6354;Messignalstörung Temperatur NUT 41x Modul X;O
6355;Messignalstörung Temperatur NUT 42x Modul Y;O
6356;Messignalstörung Temperatur NUT 400 Modul X;O
6357;Messignalstörung Temperatur NUT 400 Modul Y;O
6358;Messignalstörung Temperatur NUT 717 Modul X;O
6359;Messignalstörung Temperatur NUT 727 Modul X;O
6360;Messignalstörung Temperatur NUT 717 Modul Y;O
6361;Messignalstörung Temperatur NUT 727 Modul Y;O
6362;Temperatur NUT 40x minimum Limit LL;O
6363;Temperatur NUT 50x minimum Limit LL;O
6364;Temperatur NUT 60x minimum Limit LL;O
6365;Temperatur NUT 41x minimum Limit LL;O
6366;Temperatur NUT 42x minimum Limit LL;O
6367;Temperatur NUT 400 Module X minimum Limit LL;O
6368;Temperatur NUT 400 Module Y minimum Limit LL;O
6369;Temperatur NUT 717 Module X minimum Limit LL;O
6370;Temperatur NUT 727 Module X minimum Limit LL;O
6371;Temperatur NUT 717 Module Y minimum Limit LL;O
6372;Temperatur NUT 727 Module Y minimum Limit LL;O
6373;Desorptionsstörung Off Gas Begleitheitzung Modul X  (Pr.3);O
6374;Desorptionsstörung Off Gas Begleitheitzung Modul Y  (Pr.3);O
6375;Sicherheitstemperaturbegrenzer Off Gas Begleitheizung  (Pr.3);O
6401;Betriebswahlschalter Aus;O
6402;Betriebswahlschalter Hand;O
6403;Betriebswahlschalter Automatik;O
6404;Sammelstörung abstellend;O
6405;Sammelstörung warnend;O
6406;Blockierung durch Notabschaltung;O
6407;Blockierung durch Störung;O
6408;Abstellprogramm;O
6409;Umschaltung auf Adsorption Behälter X;O
6410;Umschaltung auf Adsorption Behälter Y;O
6411;Adsorption Behälter X;O
6412;Adsorption Behälter Y;O
6413;Desorption Behälter X;O
6414;Desorption Behälter Y;O
6415;Störung Desorption Behälter X;O
6416;Störung Desorption Behälter Y;O
6417;Standby Behälter X;O
6418;Standby Behälter Y;O
6419;Umschaltbedingung Betriebsstunden erreicht;O
6420;Umschaltbedingung Gasmenge erreicht;O
6421;Umschaltbedingung Reservezähler erreicht;O
6422;Anforderung Heizung Behälter X Ein;O
6423;Anforderung Heizung Behälter Y Ein;O
6424;Kühlluftventilator Ein;O
6425;Gasfackel Ein;O
6426;Kühlluftventilator Aus;O
6427;Gasfackel Aus;O
6428;Kühlluftventilator X Ein;O
6429;Kühlluftventilator X Aus;O
6430;Kühlluftventilator Y Ein;O
6431;Kühlluftventilator Y Aus;O
6432;Kondensatpumpe ein;O
6433;Kondensatepumpe aus;O
6450;Warmstart CPU;O
6451;Kaltstart CPU;O
6452;Download Rezepte abgeschlossen;O
6453;Quittierung;O
6455;Login DIANE XT;O
6456;Logout DIANE XT;O
6457;Anforderung Heizung Behälter X Aus;O
6458;Anforderung Heizung Behälter Y Aus;O
6459;"Rückmeldung ""Heizung aus"" fehlt, Behälter X.-B1 Heizkreis innen";O
6460;"Rückmeldung ""Heizung aus"" fehlt, Behälter X.-B1 Heizkreis außen";O
6461;"Rückmeldung ""Heizung aus"" fehlt, Behälter X.-B2 Heizkreis innen";O
6462;"Rückmeldung ""Heizung aus"" fehlt, Behälter X.-B2 Heizkreis außen";O
6463;"Rückmeldung ""Heizung aus"" fehlt, Behälter Y.-B1 Heizkreis innen";O
6464;"Rückmeldung ""Heizung aus"" fehlt, Behälter Y.-B1 Heizkreis außen";O
6465;"Rückmeldung ""Heizung aus"" fehlt, Behälter Y.-B2 Heizkreis innen";O
6466;"Rückmeldung ""Heizung aus"" fehlt, Behälter Y.-B2 Heizkreis außen";O
6470;Temperatur NUT 313 Behälter X zu hoch für Adsorption;O
6471;Temperatur NUT 323 Behälter X zu hoch für Adsorption;O
6475;Temperatur NUT 313 Behälter Y zu hoch für Adsorption;O
6476;Temperatur NUT 323 Behälter Y zu hoch für Adsorption;O
6477;Kondensatfüllstand zu gering für Betrieb Pumpe minimum;O
6495;Klappe NVT 901 geschlossen;O
6496;Klappe NVT 901 geöffnet;O
6497;Klappe NVT 911 geschlossen;O
6498;Klappe NVT 911 geöffnet;O
6499;Klappe NVT 921 geschlossen;O
6500;Klappe NVT 921 geöffnet;O
6501;Klappe NVT 101 geschlossen;O
6502;Klappe NVT 101 geöffnet;O
6503;Klappe NVT 102 geschlossen;O
6504;Klappe NVT 102 geöffnet;O
6505;Klappe NVT 111 geschlossen;O
6506;Klappe NVT 111 geöffnet;O
6507;Klappe NVT 121 geschlossen;O
6508;Klappe NVT 121 geöffnet;O
6509;Klappe NVT 203 geschlossen;O
6510;Klappe NVT 203 geöffnet;O
6511;Klappe NVT 211 geschlossen;O
6512;Klappe NVT 211 geöffnet;O
6513;Klappe NVT 221 geschlossen;O
6514;Klappe NVT 221 geöffnet;O
6515;Klappe NVT 311 geschlossen;O
6516;Klappe NVT 311 geöffnet;O
6517;Klappe NVT 321 geschlossen;O
6518;Klappe NVT 321 geöffnet;O
6519;Klappe NVT 411 geschlossen;O
6520;Klappe NVT 411 geöffnet;O
6521;Klappe NVT 421 geschlossen;O
6522;Klappe NVT 421 geöffnet;O
6523;Klappe NVT 300 geschlossen;O
6524;Klappe NVT 300 offen;O
6530;Ventil SOV 213 geschlossen;O
6531;Ventil SOV 213 geöffnet;O
6532;Ventil SOV 214 geschlossen;O
6533;Ventil SOV 214 geöffnet;O
6534;Ventil SOV 223 geschlossen;O
6535;Ventil SOV 223 geöffnet;O
6536;Ventil SOV 224 geschlossen;O
6537;Ventil SOV 224 geöffnet;O
6538;Klappe NVT 502 geschlossen;O
6539;Klappe NVT 502 geöffnet;O
6540;Klappe NVT 812 geschlossen;O
6541;Klappe NVT 812 geöffnet;O
6542;Klappe NVT 822 geschlossen;O
6543;Klappe NVT 822 geöffnet;O
6546;Störung Kühlluftventilator X;O
6547;Störung Kühlluftventilator Y;O
6550;Messignalstörung Temperatur NUT 712 Behälter X Heizkreis innen;O
6551;Messignalstörung Temperatur NUT 714 Behälter X Heizkreis außen;O
6552;Messignalstörung Temperatur NUT 722 Behälter X Heizkreis innen;O
6553;Messignalstörung Temperatur NUT 724 Behälter X Heizkreis außen;O
6554;Messignalstörung Temperatur NUT 712 Behälter Y Heizkreis innen;O
6555;Messignalstörung Temperatur NUT 714 Behälter Y Heizkreis außen;O
6556;Messignalstörung Temperatur NUT 722 Behälter Y Heizkreis innen;O
6557;Messignalstörung Temperatur NUT 724 Behälter Y Heizkreis außen;O
6560;Desorption Temperatur NUT 313 Behälter X Minimum;O
6561;Desorption Temperatur NUT 313 Behälter X Maximum;O
6562;Desorption Temperatur NUT 323 Behälter X Minimum;O
6563;Desorption Temperatur NUT 323 Behälter X Maximum;O
6564;Desorption Temperatur NUT 313 Behälter Y Minimum;O
6565;Desorption Temperatur NUT 313 Behälter Y Maximum;O
6566;Desorption Temperatur NUT 323 Behälter Y Minimum;O
6567;Desorption Temperatur NUT 323 Behälter Y Maximum;O
6570;Messignalstörung Temperatur TI 311 Behälter X;O
6571;Messignalstörung Temperatur TI 312 Behälter X;O
6572;Messignalstörung Temperatur NUT 313 Behälter X;O
6573;Messignalstörung Temperatur TI 314 Behälter X;O
6574;Messignalstörung Temperatur TI 321 Behälter X;O
6575;Messignalstörung Temperatur TI 322 Behälter X;O
6576;Messignalstörung Temperatur NUT 323 Behälter X;O
6577;Messignalstörung Temperatur TI 324 Behälter X;O
6580;Messignalstörung Temperatur TI 311 Behälter Y;O
6581;Messignalstörung Temperatur TI 312 Behälter Y;O
6582;Messignalstörung Temperatur NUT 313 Behälter Y;O
6583;Messignalstörung Temperatur TI 314 Behälter Y;O
6584;Messignalstörung Temperatur TI 321 Behälter Y;O
6585;Messignalstörung Temperatur TI 322 Behälter Y;O
6586;Messignalstörung Temperatur NUT 323 Behälter Y;O
6587;Messignalstörung Temperatur TI 324 Behälter Y;O
6590;"Rückmeldung ""Heizung ein"" fehlt, Behälter X.-B1 Heizkreis innen";O
6591;"Rückmeldung ""Heizung ein"" fehlt, Behälter X.-B1 Heizkreis außen";O
6592;"Rückmeldung ""Heizung ein"" fehlt, Behälter X.-B2 Heizkreis innen";O
6593;"Rückmeldung ""Heizung ein"" fehlt, Behälter X.-B2 Heizkreis außen";O
6594;"Rückmeldung ""Heizung ein"" fehlt, Behälter Y.-B1 Heizkreis innen";O
6595;"Rückmeldung ""Heizung aus"" fehlt, Behälter Y.-B1 Heizkreis außen";O
6596;"Rückmeldung ""Heizung ein"" fehlt, Behälter Y.-B2 Heizkreis innen";O
6597;"Rückmeldung ""Heizung ein"" fehlt, Behälter Y.-B2 Heizkreis außen";O
6601;Messignalstörung Temperatur NUT 40x;O
6602;Messignalstörung Temperatur NUT 50x;O
6603;Messignalstörung Temperatur NUT 60x;O
6604;Messignalstörung Temperatur NUT 41x Modul X;O
6605;Messignalstörung Temperatur NUT 42x Modul Y;O
6606;Messignalstörung Temperatur NUT 400 Modul X;O
6607;Messignalstörung Temperatur NUT 400 Modul Y;O
6608;Messignalstörung Temperatur NUT 717 Modul X;O
6609;Messignalstörung Temperatur NUT 727 Modul X;O
6610;Messignalstörung Temperatur NUT 717 Modul Y;O
6611;Messignalstörung Temperatur NUT 727 Modul Y;O
6612;Temperatur NUT 40x minimum Limit LL;O
6613;Temperatur NUT 50x minimum Limit LL;O
6614;Temperatur NUT 60x minimum Limit LL;O
6615;Temperatur NUT 41x minimum Limit LL;O
6616;Temperatur NUT 42x minimum Limit LL;O
6617;Temperatur NUT 400 Module X minimum Limit LL;O
6618;Temperatur NUT 400 Module Y minimum Limit LL;O
6619;Temperatur NUT 717 Module X minimum Limit LL;O
6620;Temperatur NUT 727 Module X minimum Limit LL;O
6621;Temperatur NUT 717 Module Y minimum Limit LL;O
6622;Temperatur NUT 727 Module Y minimum Limit LL;O
6700;Reserve;O
7080;Störung Meßsignal Abgastemperatur nach Abgaswärmetauscher;E
7081;Störung Meßsignal Heizkreiswassertemperatur vor Abgaswärmetauscher;E
7082;Störung Meßsignal Heizkreiswassertemperatur nach Abgaswärmetauscher;E
7083;Störung Meßsignal Staudruck vor Rußfilter;E
7084;Störung Meßsignal Druck vor Heizkreiswasser Umwälzpumpe 3;E
7085;Störung Meßsignal Druck nach Heizkreiswasser Umwälzpumpe 3;E
7103;Störung Meßsignal Abgasturbolader Drehzahl Links;M
7104;Störung Meßsignal Abgasturbolader Drehzahl Rechts;M
7105;Störung Meßsignal Raum-Differenzdruck;E
7106;Störung Meßsignal Ölzähler;E
7204;Störung Rückmeldung Raum Abluft Klappe 1;E
7208;Störung Rückmeldung Raum Abluft 2;E
7213;Störung Rückmeldung Raum Abluft Klappe 3;E
7222;Störung Motorzuluft Filter 1;E
8001;Störung Drehvorrichtung;M
8002;Sammelstörung Pumpen;M
8003;Sammelstörung Raumlüftung;E
8004;Sammelstörung Motor Zuluft;E
8005;Gasstrecke 3 Gasdruck MIN;E
8006;Störung Gasstrecke 3;E
8007;Störung Fernwärme;E
8008;Störung Zündung Safi;M
8009;Störung Pumpen-, Kessel- Traforaum;M
8010;Störung Spannungsüberwachung;M
8011;Störung Generatorschalter;M
8012;Störung Druckschalter Motorkühlwasserpumpe;M
8013;Blockierung durch Gaswarnanlage;M
8014;Blockierung aufgrund von Rohwasser-Druck MIN;E
8015;Blockierung aufgrund von Druckluft-Druck MIN;E
8016;Reservestörung abstellend 8016;O
8017;Störung Kurbelgehäuse Druck MAX;M
8018;Geplante Abstellung wegen Umbau;M
8019;Gasstrecke 3 Gasdruck MAX;E
8020;Störung durch Mechanical Drive;M
8021;Störung Trafo Buchholzschutz;E
8022;Störung Trafo Temperatur MAX;E
8023;Fremderregung aktiv --> Umschaltung NP nicht möglich;M
8024;Reservestörung abstellend 8024;O
8025;Reservestörung abstellend 8025;O
8026;Reservestörung abstellend 8026;O
8027;Reservestörung abstellend 8027;O
8028;Reservestörung abstellend 8028;O
8029;Reservestörung abstellend 8029;O
8030;Reservestörung abstellend 8030;O
8031;Reservestörung abstellend 8031;O
8032;Reservestörung abstellend 8032;O
1001;Reservestörung 1 abstellend;O
1002;Reservestörung 2 abstellend;O
1003;Reservestörung 3 abstellend;O
1004;Reservestörung 4 abstellend;O
1005;Reservestörung 5 abstellend;O
1006;Reservestörung 6 abstellend;O
1007;Reservestörung 7 abstellend;O
1008;Reservestörung 8 abstellend;O
1009;Reservestörung 9 abstellend;O
1010;Reservestörung 10 abstellend;O
1011;Reservestörung 11 abstellend;O
1012;Reservestörung 12 abstellend;O
1013;Reservestörung 13 abstellend;O
1014;Reservestörung 14 abstellend;O
1015;Reservestörung 15 abstellend;O
1016;Reservestörung 16 abstellend;O
1017;Öldruck Minimum;M
1018;Ölstand Motor Minimum;O
1019;Kühlwasserdruck Minimum;M
1020;Kühlwasserstand Minimum;M
1021;Kühlwassertemperatur Maximum;E
1022;Überdrehzahl (Relais);M
1023;Anlaufstörung;M
1024;Startbedingungen fehlen;E
1025;Motorlaufbedingungen fehlen;E
1026;Abstellstörung;M
1027;Störung Gasstrecke 1;M
1028;Gasdruck Minimum Gasstrecke 1;E
1029;Störung Gasstrecke 2;M
1030;Gasdruck Minimum Gasstrecke 2;E
1031;Not-Halt / Sicherheitsschleife;E
1032;Heizwasserdurchfluss Minimum;E
1033;Heizwassertemperatur Maximum;E
1034;Heizwasserdruck Minimum;E
1035;Heizwasserdruck Maximum;E
1036;Generator Überlast/Kurzschluss;O
1037;Generatorwicklungstemperatur Maximum;M
1038;Generator Rückleistung;M
1039;Synchronisierstörung;E
1040;Ladetemperatur Maximum;E
1041;Leistungssignal ausgefallen;M
1042;Leistungssignal Überlast;M
1043;Öltemperatur Maximum;E
1044;Abgastemperatur Zylinder Abweichung vom Mittelwert;M
1045;Katalysatortemperatur Maximum;M
1046;Abgasklappenstörung;M
1047;Aussetzerstörung;O
1048;Klopfstörung;M
1049;Abgastemperatur Zylinder Maximum Überschreitung Absolutwert;M
1050;Kühlwasserdruck Maximum;M
1051;Ölstand Motor Maximum;E
1052;Gasvoralarm;E
1053;Gasalarm;E
1054;Brandalarm;E
1055;Kopplung SPS (Steuerung) - RPS (Regler) gestört;M
1056;Ruhestromschleife unterbrochen;M
1057;Gasdruck Maximum Gasstrecke 1;E
1058;Gasdruck Maximum Gasstrecke 2;E
1059;Ölfilterdifferenzdruck Maximum;M
1060;Vorschmierdruck Minimum;M
1061;Zündung gestört;M
1062;Messsignalstörung Erregerspannung;M
1063;Vorlauftemperatur Maximum;E
1064;Überdrehzahl (RPS);M
1065;Messsignalstörung Kühlwassertemperatur ;M
1066;Messsignalstörung Öltemperatur;M
1067;Messsignalstörung Öldruck;M
1068;Messsignalstörung Kühlwasserdruck;M
1069;Messsignalstörung Katalysatortemperatur;M
1070;Messsignalstörung Rücklauftemperatur;M
1071;Messsignalstörung Vorlauftemperatur  ;M
1072;Messsignalstörung Generatorwicklungstemperatur;M
1073;Multimessumformer: Generator Überlast/Kurzschluss;O
1074;Reserve;O
1075;Reserve;O
1076;Reserve;O
1077;Messsignalstörung Ladedruck vor Drosselklappe;O
1078;Messsignalstörung Ladedruckgeber;M
1079;Reserve;M
1080;LEANOX-Regler zulässige Regeldifferenz überschritten;O
1081;Messsignalstörung Klopfsensor;M
1082;Hardwarefehler auf Regelungseinheit;M
1083;Ansteuerung Gasmischer defekt;M
1084;Messsignalstörung Vorkammergasdruck;M
1085;Vorkammergasdruck Maximum;E
1086;CH4-Gehalt Minimum;O
1087;O2-Gehalt Maximum;O
1088;Messsignalstörung O2-Gehalt;E
1089;Startdrehzahl wieder unterschritten;M
1090;Störung Motorkühlwasserpumpe;M
1091;Störung Gemischkühlwasserpumpe;E
1092;Störung Spülluftklappe;M
1093;Messsignalstörung Ölstand;M
1094;Verpuffungsschutz;O
1095;Vorkammergasdruck Minimum;E
1096;Multimessumformer CAN Kopplung gestört;M
1097;Kopplung RPS (Regler) - Visualisierung gestört ;M
1098;Erregerspannung Minimum;M
1099;Ausfall Kommunikation mit zentraler Leittechnik;E
1100;Wassereinbruch Ansaugleitung;M
1101;Störung Transformator ;E
1102;Störung Gemischkühler ;E
1103;Wasserdruck Kühlerkreis Minimum;M
1104;Rohrplattentemperatur Maximum;E
1105;Änderungsgeschwindigkeit Ladetemperatur Maximum;M
1106;Messsignalstörung Rohrplattentemperatur;E
1107;Antiklopfregelung gestört;M
1108;Leistungsistwertabweichung Maximum;M
1109;Generator Erregerausfall;M
1110;Generatorfrequenz zu nieder;M
1111;Generatorfrequenz zu hoch;M
1112;leiterstrom Maximum;O
1113;Messsignalstörung Istleistung;M
1114;Messsignalstörung Ladetemperatur ;M
1115;Messsignalstörung Generatorwicklungstemperatur L1;M
1116;Messsignalstörung Generatorwicklungstemperatur L2;M
1117;Messsignalstörung Generatorwicklungstemperatur L3;M
1118;Messsignalstörung Generatorlagertemperatur A;M
1119;Messsignalstörung Generatorlagertemperatur B;M
1120;Messsignalstörung Drehzahlmessung;M
1121;Generatorwicklungstemperatur L1 Maximum;M
1122;Generatorwicklungstemperatur L2 Maximum;M
1123;Generatorwicklungstemperatur L3 Maximum;M
1124;Generatorlagertemperatur Antriebsseite DE Maximum;M
1125;Generatorlagertemperatur Nichtantriebsseite NDE Maximum;M
1126;Generatorspannung zu nieder;M
1127;Generatorspannung zu hoch;M
1128;Flammrückschlagsicherung;E
1129;Störung Hilfsbetriebe;E
1130;Gemischkühlwasserdruck Minimum;E
1131;Abgasgegendruck Maximum;E
1132;Differentialschutz;E
1133;Störung Differentialschutzgerät;M
1134;Erdschluss;E
1135;Raumtemperatur Maximum;E
1136;Störung Notkühler;E
1137;Störung Netzstartgerät;E
1138;Störung Raumluftventilatoren;E
1139;Sicherungsfall Modulsteuerschrank;E
1140;Sicherungsfall Modulinterfaceschrank;M
1141;Generatorspannung zu hoch/zu nieder;M
1142;Generatorfrequenz zu hoch/zu nieder;M
1143;Spannungsasymmetrie;M
1144;Stromasymmetrie;M
1601;Reservestörung abstellend 17;O
1602;Reservestörung abstellend 18;O
1603;Reservestörung abstellend 19;O
1604;Reservestörung abstellend 20;O
1605;Reservestörung abstellend 21;O
1606;Reservestörung abstellend 22;O
1607;Reservestörung abstellend 23;O
1608;Reservestörung abstellend 24;O
1609;Reservestörung abstellend 25;O
1610;Reservestörung abstellend 26;O
1611;Reservestörung abstellend 27;O
1612;Reservestörung abstellend 28;O
1613;Reservestörung abstellend 29;O
1614;Reservestörung abstellend 30;O
1615;Reservestörung abstellend 31;O
1616;Reservestörung abstellend 32;O
1617;Reservestörung abstellend 33;O
1618;Reservestörung abstellend 34;O
1619;Reservestörung abstellend 35;O
1620;Reservestörung abstellend 36;O
1621;Reservestörung abstellend 37;O
1622;Reservestörung abstellend 38;O
1623;Reservestörung abstellend 39;O
1624;Reservestörung abstellend 40;O
1625;Reservestörung abstellend 41;O
1626;Reservestörung abstellend 42;O
1627;Reservestörung abstellend 43;O
1628;Reservestörung abstellend 44;O
1629;Reservestörung abstellend 45;O
1630;Reservestörung abstellend 46;O
1631;Reservestörung abstellend 47;O
1632;Reservestörung abstellend 48;O
1633;Reservestörung abstellend 49;O
1634;Reservestörung abstellend 50;O
1635;Reservestörung abstellend 51;O
1636;Reservestörung abstellend 52;O
1637;Reservestörung abstellend 53;O
1638;Reservestörung abstellend 54;O
1639;Reservestörung abstellend 55;O
1640;Reservestörung abstellend 56;O
1641;Reservestörung abstellend 57;O
1642;Reservestörung abstellend 58;O
1643;Reservestörung abstellend 59;O
1644;Reservestörung abstellend 60;O
1645;Reservestörung abstellend 61;O
1646;Reservestörung abstellend 62;O
1647;Reservestörung abstellend 63;O
1648;Reservestörung abstellend 64;O
1649;Reservestörung abstellend 65;O
1650;Reservestörung abstellend 66;O
1651;Reservestörung abstellend 67;O
1652;Reservestörung abstellend 68;O
1653;Reservestörung abstellend 69;O
1654;Reservestörung abstellend 70;O
1655;Reservestörung abstellend 71;O
1656;Reservestörung abstellend 72;O
1657;Reservestörung abstellend 73;O
1658;Reservestörung abstellend 74;O
1659;Reservestörung abstellend 75;O
1660;Reservestörung abstellend 76;O
1661;Reservestörung abstellend 77;O
1662;Reservestörung abstellend 78;O
1663;Reservestörung abstellend 79;O
1664;Reservestörung abstellend 80;O
1665;Reservestörung abstellend 81;O
1666;Reservestörung abstellend 82;O
1667;Reservestörung abstellend 83;O
1668;Reservestörung abstellend 84;O
1669;Reservestörung abstellend 85;O
1670;Reservestörung abstellend 86;O
1671;Reservestörung abstellend 87;O
1672;Reservestörung abstellend 88;O
1673;Reservestörung abstellend 89;O
1674;Reservestörung abstellend 90;O
1675;Reservestörung abstellend 91;O
1676;Reservestörung abstellend 92;O
1677;Reservestörung abstellend 93;O
1678;Reservestörung abstellend 94;O
1679;Reservestörung abstellend 95;O
1680;Reservestörung abstellend 96;O
1681;Reservestörung abstellend 97;O
1682;Reservestörung abstellend 98;O
1683;Reservestörung abstellend 99;O
1684;Reservestörung abstellend 100;O
1685;Reservestörung abstellend 101;O
1686;Reservestörung abstellend 102;O
1687;Reservestörung abstellend 103;O
1688;Reservestörung abstellend 104;O
1689;Reservestörung abstellend 105;O
1690;Reservestörung abstellend 106;O
1691;Reservestörung abstellend 107;O
1692;Reservestörung abstellend 108;O
1693;Reservestörung abstellend 109;O
1694;Reservestörung abstellend 110;O
1695;Reservestörung abstellend 111;O
1696;Reservestörung abstellend 112;O
1697;Reservestörung abstellend 113;O
1698;Reservestörung abstellend 114;O
1699;Reservestörung abstellend 115;O
1700;Reservestörung abstellend 116;O
2001;Abgastemperatur Zylinder 1 Maximum Überschreitung Absolutwert;M
2002;Abgastemperatur Zylinder 2 Maximum Überschreitung Absolutwert;M
2003;Abgastemperatur Zylinder 3 Maximum Überschreitung Absolutwert;M
2004;Abgastemperatur Zylinder 4 Maximum Überschreitung Absolutwert;M
2005;Abgastemperatur Zylinder 5 Maximum Überschreitung Absolutwert;M
2006;Abgastemperatur Zylinder 6 Maximum Überschreitung Absolutwert;M
2007;Abgastemperatur Zylinder 7 Maximum Überschreitung Absolutwert;M
2008;Abgastemperatur Zylinder 8 Maximum Überschreitung Absolutwert;M
2009;Abgastemperatur Zylinder 9 Maximum Überschreitung Absolutwert;M
2010;Abgastemperatur Zylinder 10 Maximum Überschreitung Absolutwert;M
2011;Abgastemperatur Zylinder 11 Maximum Überschreitung Absolutwert;M
2012;Abgastemperatur Zylinder 12 Maximum Überschreitung Absolutwert;M
2013;Abgastemperatur Zylinder 13 Maximum Überschreitung Absolutwert;M
2014;Abgastemperatur Zylinder 14 Maximum Überschreitung Absolutwert;M
2015;Abgastemperatur Zylinder 15 Maximum Überschreitung Absolutwert;M
2016;Abgastemperatur Zylinder 16 Maximum Überschreitung Absolutwert;M
2017;Abgastemperatur Zylinder 17 Maximum Überschreitung Absolutwert;M
2018;Abgastemperatur Zylinder 18 Maximum Überschreitung Absolutwert;M
2019;Abgastemperatur Zylinder 19 Maximum Überschreitung Absolutwert;M
2020;Abgastemperatur Zylinder 20 Maximum Überschreitung Absolutwert;M
2021;Abweichung Zylinder 1 von Mittelwert Maximum positive Abweichung;M
2022;Abweichung Zylinder 2 von Mittelwert Maximum positive Abweichung;M
2023;Abweichung Zylinder 3 von Mittelwert Maximum positive Abweichung;M
2024;Abweichung Zylinder 4 von Mittelwert Maximum positive Abweichung;M
2025;Abweichung Zylinder 5 von Mittelwert Maximum positive Abweichung;M
2026;Abweichung Zylinder 6 von Mittelwert Maximum positive Abweichung;M
2027;Abweichung Zylinder 7 von Mittelwert Maximum positive Abweichung;M
2028;Abweichung Zylinder 8 von Mittelwert Maximum positive Abweichung;M
2029;Abweichung Zylinder 9 von Mittelwert Maximum positive Abweichung;M
2030;Abweichung Zylinder 10 von Mittelwert Maximum positive Abweichung;M
2031;Abweichung Zylinder 11 von Mittelwert Maximum positive Abweichung;M
2032;Abweichung Zylinder 12 von Mittelwert Maximum positive Abweichung;M
2033;Abweichung Zylinder 13 von Mittelwert Maximum positive Abweichung;M
2034;Abweichung Zylinder 14 von Mittelwert Maximum positive Abweichung;M
2035;Abweichung Zylinder 15 von Mittelwert Maximum positive Abweichung;M
2036;Abweichung Zylinder 16 von Mittelwert Maximum positive Abweichung;M
2037;Abweichung Zylinder 17 von Mittelwert Maximum positive Abweichung;M
2038;Abweichung Zylinder 18 von Mittelwert Maximum positive Abweichung;M
2039;Abweichung Zylinder 19 von Mittelwert Maximum positive Abweichung;M
2040;Abweichung Zylinder 20 von Mittelwert Maximum positive Abweichung;M
2041;Abweichung Zylinder 1 von Mittelwert Maximum negative Abweichung;M
2042;Abweichung Zylinder 2 von Mittelwert Maximum negative Abweichung;M
2043;Abweichung Zylinder 3 von Mittelwert Maximum negative Abweichung;M
2044;Abweichung Zylinder 4 von Mittelwert Maximum negative Abweichung;M
2045;Abweichung Zylinder 5 von Mittelwert Maximum negative Abweichung;M
2046;Abweichung Zylinder 6 von Mittelwert Maximum negative Abweichung;M
2047;Abweichung Zylinder 7 von Mittelwert Maximum negative Abweichung;M
2048;Abweichung Zylinder 8 von Mittelwert Maximum negative Abweichung;M
2049;Abweichung Zylinder 9 von Mittelwert Maximum negative Abweichung;M
2050;Abweichung Zylinder 10 von Mittelwert Maximum negative Abweichung;M
2051;Abweichung Zylinder 11 von Mittelwert Maximum negative Abweichung;M
2052;Abweichung Zylinder 12 von Mittelwert Maximum negative Abweichung;M
2053;Abweichung Zylinder 13 von Mittelwert Maximum negative Abweichung;M
2054;Abweichung Zylinder 14 von Mittelwert Maximum negative Abweichung;M
2055;Abweichung Zylinder 15 von Mittelwert Maximum negative Abweichung;M
2056;Abweichung Zylinder 16 von Mittelwert Maximum negative Abweichung;M
2057;Abweichung Zylinder 17 von Mittelwert Maximum negative Abweichung;M
2058;Abweichung Zylinder 18 von Mittelwert Maximum negative Abweichung;M
2059;Abweichung Zylinder 19 von Mittelwert Maximum negative Abweichung;M
2060;Abweichung Zylinder 20 von Mittelwert Maximum negative Abweichung;M
2201;Motor Durchdreheinrichtung aktiv;O
2202;Generator Antriebsseite DE Lagerschwingungen zu hoch;M
2203;Generator Nichtantriebsseite NDE Lagerschwingungen zu hoch;M
2204;Messsignalstörung Schwingungssensor 1 Generator Antriebsseite DE Lager;M
2205;Messsignalstörung Schwingungssensor 2 Generator Antriebsseite DE Lager;M
2206;Messsignalstörung Schwingungssensor 1 Generator Nichtantriebsseite NDE Lager;M
2207;Messsignalstörung Schwingungssensor 2 Generator Nichtantriebsseite NDE Lager;M
2208;Generator Schmieröl-System Ölstand Minimum;O
2209;Generator Schmieröl-System Öldruck Minimum;M
2210;Generator Schmieröl-System beide AC Pumpen ausgefallen;M
2211;Generator Schmieröl-System Öltemperatur Maximum;E
2212;Generator Hydrauliköl-System beide AC Pumpen ausgefallen;M
2213;Ölfilter für Turbolader Differenzdruck Maximum;M
2214;Messsignalstörung Zylinderdrucksensor;M
2215;Messsignalstörung Ladetemperatur A;M
2216;Ladetemperatur Maximum A;E
2217;Ladetemperaturänderung Maximum A;M
2218;Messsignalstörung Ladetemperatur B;M
2219;Ladetemperatur Maximum B;E
2220;Ladetemperaturänderung Maximum B;M
2221;Messsignalstörung Ladetemperatur vor Hochdruck-Turbolader A;M
2222;Messsignalstörung Ladetemperatur vor Hochdruck-Turbolader B;M
2223;Ladetemperatur vor Hochdruck-Turbolader Maximum;E
2224;Messsignalstörung Druck nach Turbolader Ölfilter;M
2225;Hochdruck-Turbolader Drehzahlspreizung Maximum;M
2226;Niederdruck-Turbolader Drehzahlspreizung Maximum;M
2227;Messsignalstörung Hauptlagertemperatur;M
2228;Hauptlagertemperatur Maximum;M
2229;Pleuellagerüberwachung CAN Kommunikation gestört;M
2230;Pleuellagertemperatur Maximum;M
2231;Messsignalstörung Gas Schiene Druck A;M
2232;Messsignalstörung Barometrischer Druck;M
2233;Druck nach Turbolader Ölfilter Maximum;M
2234;Druck nach Turbolader Ölfilter Minimum;M
2235;Generator Schmieröl-System/Hydrauliköl-System nicht bereit;E
2236;Ladedruckspreizung Maximum;M
2237;Hochdruck-Turbolader Drehzahl Maximum;M
2238;Turbolader Vorschmierdruck Minimum;M
2239;Niederdruck-Turbolader Drehzahl Maximum;M
2240;Gas Schiene Temperatur Maximum;E
2241;Gas Schiene Temperatur Minimum;E
2242;Messsignalstörung Öldruck vor Ölfilter;M
2243;Gasdruck nach Filter in Hauptregelstrecke Minimum;O
2244;Gas Schiene Druck Maximum;M
2245;Gas Schiene Druck Minimum;M
2246;Gasdruck nach Filter in Hauptregelstrecke Maximum;O
2247;Messsignalstörung Gasdruck nach Filter in Hauptregelstrecke;M
2248;Gas Schiene Differenzdruck Maximum;M
2249;Gas Schiene Differenzdruck Mimimum;M
2250;Gasdruck nach Filter in Vorkammerregelstrecke Minimum;O
2251;Gasdruck nach Filter in Vorkammerregelstrecke Maximum;O
2252;Öffnungsdauer Port Injection Maximum;M
2253;Öffnungsdauer Port Injection Minimum;M
2254;Port Injection Hardwarefehler;M
2255;Port Injection Ventil Fehler beim Öffnen;M
2256;Port Injection Ventil Fehler beim Schließen;M
2257;Messsignalstörung Gasdruck nach Filter in Vorkammerregelstrecke;M
2258;Messsignalstörung Ladetemperatur t2 A;M
2259;Messsignalstörung Ladetemperatur t2 B;M
2260;Messsignalstörung Öldruck nach Ölfilter;M
2261;Überdruck in der Gas Schiene;M
2262;Zylinder Spitzendruck Maximum;M
2263;Vorwärmklappen Endlagenfehler;M
2264;Motor Kühlwasser Vorwärmung Temperatur Maximum;M
2265;Motoröl Vorwärmung Temperatur Maximum;M
2266;Anlaufstörung Wasserschlag;M
2267;Starter Versorgungsdruck Maximum;E
2268;Starter Druckluft Kesseldruck Minimum;E
2269;Starter Versorgungsdruck Minimum;E
2270;Messsignalstörung Pleuellagertemperatur;M
2271;Unterdruck in der Gas Schiene;M
2272;Messsignalstörung Gas Schiene Druck B;M
2273;Abweichung Gas Schiene Druck ;M
2274;Maximale positive Abweichung vom Zylinderspitzendruck Mittelwert;M
2275;Aussetzerstörung DMR;O
2276;NOx Abweichung;M
2277;Generatorspannung zu nieder 2;M
2278;Reserve 2278;O
2279;Reserve 2279;O
2280;Reserve 2280;O
2281;Reserve 2281;O
2282;Reserve 2282;O
2283;Reserve 2283;O
2284;Reserve 2284;O
2285;Reserve 2285;O
2286;Reserve 2286;O
2287;Reserve 2287;O
2288;Reserve 2288;O
2289;Reserve 2289;O
2290;Reserve 2290;O
2291;Reserve 2291;O
2292;Reserve 2292;O
2293;Reserve 2293;O
2294;Reserve 2294;O
2295;Reserve 2295;O
2296;Reserve 2296;O
2297;Reserve 2297;O
2298;Reserve 2298;O
2299;Reserve 2299;O
2300;Reserve 2300;O
3001;KLS98 Störung;M
3002;KLS98 falsche Software;M
3003;Messsignalstörung;M
3004;Vorkammerdifferenzdruck Minimum;E
3005;Aussetzerstörung Zylinder 1;O
3006;Aussetzerstörung Zylinder 2;O
3007;Aussetzerstörung Zylinder 3;O
3008;Aussetzerstörung Zylinder 4;O
3009;Aussetzerstörung Zylinder 5;O
3010;Aussetzerstörung Zylinder 6;O
3011;Aussetzerstörung Zylinder 7;O
3012;Aussetzerstörung Zylinder 8;O
3013;Aussetzerstörung Zylinder 9;O
3014;Aussetzerstörung Zylinder 10;O
3015;Aussetzerstörung Zylinder 11;O
3016;Aussetzerstörung Zylinder 12;O
3017;Aussetzerstörung Zylinder 13;O
3018;Aussetzerstörung Zylinder 14;O
3019;Aussetzerstörung Zylinder 15;O
3020;Aussetzerstörung Zylinder 16;O
3021;Aussetzerstörung Zylinder 17;O
3022;Aussetzerstörung Zylinder 18;O
3023;Aussetzerstörung Zylinder 19;O
3024;Aussetzerstörung Zylinder 20;O
3025;Zündung Ausfall Trigger Pickup;M
3026;Zündung Ausfall Reset Pickup;M
3027;Zündung Ausfall CAM Pickup;M
3028;Zündung Überdrehzahlabstellung;M
3029;Zündung CPU Fehler;M
3030;Zündung Parameter Fehler;M
3031;Zündung CAN Kopplung gestört;M
3032;Zündung Ausgangsüberwachung Zylinder 1;M
3033;Zündung Ausgangsüberwachung Zylinder 2;M
3034;Zündung Ausgangsüberwachung Zylinder 3;M
3035;Zündung Ausgangsüberwachung Zylinder 4;M
3036;Zündung Ausgangsüberwachung Zylinder 5;M
3037;Zündung Ausgangsüberwachung Zylinder 6;M
3038;Zündung Ausgangsüberwachung Zylinder 7;M
3039;Zündung Ausgangsüberwachung Zylinder 8;M
3040;Zündung Ausgangsüberwachung Zylinder 9;M
3041;Zündung Ausgangsüberwachung Zylinder 10;M
3042;Zündung Ausgangsüberwachung Zylinder 11;M
3043;Zündung Ausgangsüberwachung Zylinder 12;M
3044;Zündung Ausgangsüberwachung Zylinder 13;M
3045;Zündung Ausgangsüberwachung Zylinder 14;M
3046;Zündung Ausgangsüberwachung Zylinder 15;M
3047;Zündung Ausgangsüberwachung Zylinder 16;M
3048;Zündung Ausgangsüberwachung Zylinder 17;M
3049;Zündung Ausgangsüberwachung Zylinder 18;M
3050;Zündung Ausgangsüberwachung Zylinder 19;M
3051;Zündung Ausgangsüberwachung Zylinder 20;M
3052;Falsches Zündsystem;M
3053;KLS98 Ventilgeräusch Zylinder 1 Maximum;O
3054;KLS98 Ventilgeräusch Zylinder 2 Maximum;O
3055;KLS98 Ventilgeräusch Zylinder 3 Maximum;O
3056;KLS98 Ventilgeräusch Zylinder 4 Maximum;O
3057;KLS98 Ventilgeräusch Zylinder 5 Maximum;O
3058;KLS98 Ventilgeräusch Zylinder 6 Maximum;O
3059;KLS98 Ventilgeräusch Zylinder 7 Maximum;O
3060;KLS98 Ventilgeräusch Zylinder 8 Maximum;O
3061;KLS98 Ventilgeräusch Zylinder 9 Maximum;O
3062;KLS98 Ventilgeräusch Zylinder 10 Maximum;O
3063;KLS98 Ventilgeräusch Zylinder 11 Maximum;O
3064;KLS98 Ventilgeräusch Zylinder 12 Maximum;O
3065;KLS98 Ventilgeräusch Zylinder 13 Maximum;O
3066;KLS98 Ventilgeräusch Zylinder 14 Maximum;O
3067;KLS98 Ventilgeräusch Zylinder 15 Maximum;O
3068;KLS98 Ventilgeräusch Zylinder 16 Maximum;O
3069;KLS98 Ventilgeräusch Zylinder 17 Maximum;O
3070;KLS98 Ventilgeräusch Zylinder 18 Maximum;O
3071;KLS98 Ventilgeräusch Zylinder 19 Maximum;O
3072;KLS98 Ventilgeräusch Zylinder 20 Maximum;O
3073;Klopfstörung Zylinder 1;M
3074;Klopfstörung Zylinder 2;M
3075;Klopfstörung Zylinder 3;M
3076;Klopfstörung Zylinder 4;M
3077;Klopfstörung Zylinder 5;M
3078;Klopfstörung Zylinder 6;M
3079;Klopfstörung Zylinder 7;M
3080;Klopfstörung Zylinder 8;M
3081;Klopfstörung Zylinder 9;M
3082;Klopfstörung Zylinder 10;M
3083;Klopfstörung Zylinder 11;M
3084;Klopfstörung Zylinder 12;M
3085;Klopfstörung Zylinder 13;M
3086;Klopfstörung Zylinder 14;M
3087;Klopfstörung Zylinder 15;M
3088;Klopfstörung Zylinder 16;M
3089;Klopfstörung Zylinder 17;M
3090;Klopfstörung Zylinder 18;M
3091;Klopfstörung Zylinder 19;M
3092;Klopfstörung Zylinder 20;M
3093;Gasdosierventil CAN Kopplung gestört;M
3094;Gasdosierventil falsche Software;M
3095;Gasdosierventil Gastemperatur nicht erfüllt;M
3096;Gasdosierventil Gasvordruck nicht erfüllt;M
3097;Gasdosierventil interner Fehler;M
3098;Gasdosierventil mechanische Fehlfunktion;M
3099;Gasmengensprung;M
3100;Abgastemperatur vor Turbolader Maximum;M
3301;Maschinenraumluftspülung - Störung Gasüberwachung ;O
3302;Maschinenraumluftspülung nicht abgeschlossen ;O
3303;Gemischkühlwassertemperatur Maximum;O
3304;Öldruck Minimum Getriebe;O
3305;Öltemperatur Maximum Getriebe;O
3306;Thermoreaktor: Störung Abgasklappe Mittelstellung;M
3307;Sicherheitsschleife Thermoreaktor;M
3308;Messsignalstörung Druck Vorkammergasverdichter;M
3309;Druck Vorkammergasverdichter Maximum;E
3310;Zündung Ausgangsüberwachung Zylinder;M
3311;Fehler In/Out Kanäle;M
3312;Messsignalstörung Rücklauftemperatur nach Kühler;E
3313;CO2 Reaktortemperatur Maximum;M
3314;Störung CO2 Klappe;E
3315;Ölstand Vorkammergasverdichter Minimum;O
3316;Störung Gasverdichter;E
3317;Gastemperatur Maximum;E
3318;Gasdruck Minimum vor Gasverdichter;O
3319;Generatorschutz ausgelöst;M
3320;Messsignalstörung Druck Vorkammergasstrecke;M
3321;Messsignalstörung Rücklauftemperatur vor Motor;M
3322;Kurbelgehäusedruck maximum;M
3323;Messsignalstörung Kurbelgehäusedruck;M
3324;Störung Vorkammergasverdichter;E
3325;Gasdruck Maximum – Rückzündung;M
3326;Leerlaufzeit Gasverdichter Maximum ;E
3327;Messsignalstörung Gasdruck vor Gasverdichter;M
3328;Messsignalstörung Gastemperatur;M
3329;Erdungstrenner geschlossen;O
3330;SAFI Hardwarefehler;M
3331;SAFI CAN Kommunikation gestört;M
3332;SAFI falsche Software;M
3333;SAFI Parameter Fehler;M
3334;Zündzeitpunktabweichung zu groß;M
3335;SAFI Überdrehzahlabstellung;M
3336;SAFI Ausfall Trigger Pickup;M
3337;SAFI Ausfall Nockenwellen/Reset Pickup;M
3338;Zündung Ausgangsfehler;M
3339;Klopfstörung;M
3340;Aussetzerstörung;O
3341;Ventilgeräusch Maximum;O
3342;Messsignalstörung Klopfsensor;M
3343;Zündung Hardwarefehler;M
3344;Zündung Spannungsversorgung gestört;M
3345;Zündung Sicherheitsschleife;M
3346;Zündung 1 gestört;M
3347;Zündung 2 gestört;M
3348;Störung Glühzünden;M
3349;Störung N2 Gasventilposition;E
3350;CO Alarm;E
3351;Störung Aktivfilter;E
3352;Trenner offen;O
3353;Gasdruck Minimum Gasstrecke 1 - Linie 2;M
3354;Gasdruck Minimum Gasstrecke 1 - Linie 3;M
3355;Gasdruck Minimum Gasstrecke 1 - Linie 4;M
3356;Gasdruck Maximum Gasstrecke 1 - Linie 2;M
3357;Gasdruck Maximum Gasstrecke 1 - Linie 3;M
3358;Gasdruck Maximum Gasstrecke 1 - Linie 4;M
3359;Störung Gasstrecke 1 - Linie 2;M
3360;Störung Gasstrecke 1 - Linie 3;M
3361;Störung Gasstrecke 1 - Linie 4;M
3362;Reserve;O
3363;Reserve;O
3364;Reserve;O
3365;Reserve;O
3366;Reserve;O
3367;Reserve;O
3368;Reserve;O
3369;Reserve;O
3370;Reserve;O
3371;Reserve;O
3372;Reserve;O
3373;Reserve;O
3374;Reserve;O
3375;Reserve;O
3376;Reserve;O
3377;Reserve;O
3378;Reserve;O
3379;Reserve;O
3380;Reserve;O
3381;Reserve;O
3382;Reserve;O
3383;Reserve;O
3384;Reserve;O
3385;Reserve;O
3386;Reserve;O
3387;Reserve;O
3388;Reserve;O
3389;Reserve;O
3390;Reserve;O
3391;Reserve;O
3392;Reserve;O
3393;Reserve;O
3394;Reserve;O
3395;Reserve;O
3396;Reserve;O
3417;Reserve;O
8966;Reserve 8966;O
8967;Reserve 8967;O
8968;Reserve 8968;O
8969;Reserve 8969;O
8970;Reserve 8970;O
8971;Reserve 8971;O
8972;Reserve 8972;O
8973;Reserve 8973;O
8974;Reserve 8974;O
8975;Reserve 8975;O
8976;Reserve 8976;O
8977;Reserve 8977;O
8978;Reserve 8978;O
8979;Reserve 8979;O
8980;Reserve 8980;O
8981;Reserve 8981;O
8982;Reserve 8982;O
8983;Reserve 8983;O
8984;Reserve 8984;O
8985;Reserve 8985;O
8986;Reserve 8986;O
8987;Reserve 8987;O
8988;Reserve 8988;O
8989;Reserve 8989;O
8990;Reserve 8990;O
8991;Reserve 8991;O
8992;Reserve 8992;O
8993;Reserve 8993;O
8994;Reserve 8994;O
8995;Reserve 8995;O
8998;Reserve 8998;O
8999;Reserve 8999;O
6206;Reservestörung 6 warnend;O
6207;Reservestörung 7 warnend;O
6208;Reservestörung 8 warnend;O
6209;Reservestörung 9 warnend;O
6210;Reservestörung 10 warnend;O
6211;Reservestörung 11 warnend;O
6212;Reservestörung 12 warnend;O
6213;Reservestörung 13 warnend;O
6214;Reservestörung 14 warnend;O
6215;Reservestörung 15 warnend;O
6216;Reservestörung 16 warnend;O
6217;Reservestörung 17 warnend;O
6218;Reservestörung 18 warnend;O
6219;Reservestörung 19 warnend;O
6220;Reservestörung 20 warnend;O
6221;Reservestörung 21 warnend;O
6222;Reservestörung 22 warnend;O
6223;Reservestörung 23 warnend;O
6224;Reservestörung 24 warnend;O
6225;Reservestörung 25 warnend;O
6226;Reservestörung 26 warnend;O
6227;Reservestörung 27 warnend;O
6228;Reservestörung 28 warnend;O
6229;Reservestörung 29 warnend;O
6230;Reservestörung 30 warnend;O
6231;Pneumatikdruck NUP 701 zu gering für Desorption (Pr.3);O
6232;Pneumatikdruck NUP 701 Minimum;O
6235;Temperatur Spülgas NUT 601 Maximum - Desorption Störung (Pr.3);O
6236;Temperatur Spülgas NUT 601 Maximum - Warnung;O
6237;Messignalstörung Temperatur Spülgas (NUT 601) (Pr.3);O
6238;Messignalstörung Istleistung Motor(en);O
6240;Durchfluss Trägergas FI 501 zu gering;O
6241;Durchfluss Spülgas FI 301 zu gering;O
6242;O2-Gehalt Maximun;O
6245;Sammelstörung Gasfackel;O
6246;Gasfackel nicht bereit (Pr.3);O
6247;Betriebsmeldung von der Fackel fehlt (Pr.3);O
6250;Temperatur Eintritt Behälter X zu hoch für Adsorption;O
6251;Temperatur Eintritt Behälter Y zu hoch für Adsorption;O
6255;Störung Kühlluftventilator;O
6256;Störung Kühlluftventilator X;O
6257;Störung Kühlluftventilator Y;O
6260;Messignalstörung Treibgasdurchfluss Motor;O
6261;Messignalstörung Trägergasdurchfluss (FI 501);O
6262;Messignalstörung Spülgasdurchfluss (FI 301);O
6263;Messsignalstörung CH4-Gehalt;O
6264;Kondensat Knockout-Pot Level max (Pr.3);O
6265;Kondensat Speichertank Level max (Pr.3);O
6266;Kondensat Speichertank Level max;O
6267;Ausfall Energieimpuls Generatoren;O
6270;Messignalstörung Temperatur NUT 712 Behälter X Heizkreis innen (Pr.3);O
6271;Messignalstörung Temperatur NUT 714 Behälter X Heizkreis außen (Pr.3);O
6272;Messignalstörung Temperatur NUT 722 Behälter X Heizkreis innen (Pr.3);O
6273;Messignalstörung Temperatur NUT 724 Behälter X Heizkreis außen (Pr.3);O
6275;Messignalstörung Temperatur NUT 712 Behälter Y Heizkreis innen (Pr.3);O
6276;Messignalstörung Temperatur NUT 714 Behälter Y Heizkreis außen (Pr.3);O
6277;Messignalstörung Temperatur NUT 722 Behälter Y Heizkreis innen (Pr.3);O
6278;Messignalstörung Temperatur NUT 724 Behälter Y Heizkreis außen (Pr.3);O
6280;Desorption Temperatur NUT 313 Behälter X Minimum (Pr.3);O
8033;Reservestörung abstellend 8033;O
8034;Reservestörung abstellend 8034;O
8035;Reservestörung abstellend 8035;O
8036;Reservestörung abstellend 8036;O
8037;Reservestörung abstellend 8037;O
8038;Reservestörung abstellend 8038;O
8039;Reservestörung abstellend 8039;O
8040;Reservestörung abstellend 8040;O
8041;Reservestörung abstellend 8041;O
8042;Reservestörung abstellend 8042;O
8043;Reservestörung abstellend 8043;O
8044;Reservestörung abstellend 8044;O
8045;Reservestörung abstellend 8045;O
8046;Reservestörung abstellend 8046;O
8047;Reservestörung abstellend 8047;O
8048;Reservestörung abstellend 8048;O
8049;Reservestörung abstellend 8049;O
8050;Reservestörung abstellend 8050;O
8051;Reservestörung abstellend 8051;O
8052;Reservestörung abstellend 8052;O
8053;Reservestörung abstellend 8053;O
8054;Reservestörung abstellend 8054;O
8055;Reservestörung abstellend 8055;O
8056;Reservestörung abstellend 8056;O
8057;Reservestörung abstellend 8057;O
8058;Reservestörung abstellend 8058;O
8059;Reservestörung abstellend 8059;O
8060;Reservestörung abstellend 8060;O
8061;Reservestörung abstellend 8061;O
8062;Reservestörung abstellend 8062;O
8063;Reservestörung abstellend 8063;O
8064;Reservestörung abstellend 8064;O
8065;Reservestörung abstellend 8065;O
8066;Reservestörung abstellend 8066;O
8067;Reservestörung abstellend 8067;O
8068;Reservestörung abstellend 8068;O
8069;Reservestörung abstellend 8069;O
8070;Reservestörung abstellend 8070;O
8071;Reservestörung abstellend 8071;O
8072;Reservestörung abstellend 8072;O
8073;Reservestörung abstellend 8073;O
8074;Reservestörung abstellend 8074;O
8075;Reservestörung abstellend 8075;O
8076;Reservestörung abstellend 8076;O
8077;Reservestörung abstellend 8077;O
8078;Reservestörung abstellend 8078;O
8079;Reservestörung abstellend 8079;O
8080;Reservestörung abstellend 8080;O
8081;Reservestörung abstellend 8081;O
8082;Reservestörung abstellend 8082;O
8083;Reservestörung abstellend 8083;O
8084;Reservestörung abstellend 8084;O
8085;Reservestörung abstellend 8085;O
8086;Reservestörung abstellend 8086;O
8087;Reservestörung abstellend 8087;O
8088;Reservestörung abstellend 8088;O
8089;Reservestörung abstellend 8089;O
8090;Reservestörung abstellend 8090;O
8091;Reservestörung abstellend 8091;O
8092;Reservestörung abstellend 8092;O
8093;Reservestörung abstellend 8093;O
8094;Reservestörung abstellend 8094;O
8095;Reservestörung abstellend 8095;O
8096;Reservestörung abstellend 8096;O
8097;Reservestörung abstellend 8097;O
8098;Reservestörung abstellend 8098;O
8099;Reservestörung abstellend 8099;O
8100;SAFI AUSFALL TRIGGER SIGNAL;M
8101;SAFI AUSFALL CAM SIGNAL;M
8102;SAFI HARDWAREFEHLER;M
8103;SAFI ZZP ABWEICHUNG;M
8104;SAFI KOMMUNIKATION GESTÖRT;M
8105;SAFI FALSCHE VERISON;M
8106;SAFI FIRMWAREFEHLER;M
8107;SAFI PARAMETERFEHLER;M
8109;SAFI UEBERDREHZAHL;M
8110;SAFI ZÜNDUNG AUSGANGSFEHLER;M
8111;SAFI ZÜNDUNG FEHLER VERSORGUNGSSPANNUNG;M
8112;Zündung Sicherheits Schleife;M
8800;Proberuf Bereitschaft;O
8801;Leistungsreduktion durch ATL Drehzahl - Aktiv;M
8802;Leistungsreduktion durch ATL Drehzahl - Inaktiv;M
8996;Reserve 8996;O
8997;Reserve 8997;O
9004;OPC-Server gestartet;O
3397;;O
3398;reserve;O
3399;reserve;O
3400;reserve;O
2000;Collective trip: Software module reports critical parameter failure;M
