1001,Partner
1002,Partner
1003,Unclear
1004,Unclear
1005,Unclear
1006,INNIO-Genset
1007,INNIO-Genset
1008,
1009,Unclear
1010,Unclear
1011,INNIO-Genset
1012,
1013,
1014,
1015,
1016,
1017,INNIO-Genset
1018,INNIO-Genset
1019,INNIO-Genset
1020,
1021,Unclear
1022,INNIO-Genset
1023,Unclear
1024,
1025,
1026,Unclear
1027,INNIO-Genset
1028,
1029,
1030,
1031,Unclear
1032,
1033,
1034,
1035,
1036,Unclear
1037,
1038,Unclear
1039,Unclear
1040,
1041,INNIO-Genset
1042,Unclear
1043,Unclear
1044,INNIO-Genset
1045,
1046,
1047,INNIO-Genset
1048,
1049,INNIO-Genset
1050,INNIO-Genset
1051,INNIO-Genset
1052,Unclear
1053,Unclear
1054,Unclear
1055,
1056,Unclear
1057,
1058,
1059,
1060,INNIO-Genset
1061,
1062,
1063,
1064,INNIO-Genset
1065,
1066,
1067,
1068,
1069,
1070,
1071,
1072,
1073,Unclear
1074,
1075,
1076,
1077,
1078,INNIO-Genset
1079,
1080,Unclear
1081,
1082,
1083,
1084,
1085,INNIO-Genset
1086,
1087,
1088,
1089,
1090,INNIO-Genset
1091,
1092,INNIO-Genset
1093,
1094,INNIO-Genset
1095,
1096,
1097,
1098,
1099,Unclear
1100,INNIO-Genset
1101,
1102,
1103,
1104,
1105,
1106,
1107,
1108,
1109,INNIO-Genset
1110,Unclear
1111,Unclear
1112,Unclear
1113,INNIO-Genset
1114,
1115,
1116,
1117,
1118,
1119,
1120,INNIO-Genset
1121,INNIO-Genset
1122,INNIO-Genset
1123,INNIO-Genset
1124,INNIO-Genset
1125,INNIO-Genset
1126,Unclear
1127,Unclear
1128,
1129,Partner
1130,
1131,
1132,Unclear
1133,
1134,Unclear
1135,Partner
1136,
1137,
1138,Partner
1139,
1140,
1141,
1142,
1143,Unclear
1144,Unclear
1601,Unclear
1602,Unclear
1603,
1604,
1605,
1606,
1607,
1608,
1609,
1610,
1611,
1612,
1613,
1614,
1615,
1616,
1617,
1620,
1621,
1622,
1623,
1624,
1625,
1700,
2000,INNIO-Genset
2001,
2060,
2200,
2201,
2202,
2203,
2204,INNIO-Genset
2205,INNIO-Genset
2206,INNIO-Genset
2207,INNIO-Genset
2208,Unclear
2209,
2210,
2211,
2212,
2213,
2214,INNIO-Genset
2215,
2216,
2217,
2218,
2219,
2220,
2221,
2222,
2223,Unclear
2224,
2225,INNIO-Genset
2226,INNIO-Genset
2227,
2228,INNIO-Genset
2229,INNIO-Genset
2230,INNIO-Genset
2231,
2232,
2233,INNIO-Genset
2234,INNIO-Genset
2235,
2236,INNIO-Genset
2237,INNIO-Genset
2238,INNIO-Genset
2239,INNIO-Genset
2240,Unclear
2241,
2242,
2243,
2244,Unclear
2245,
2246,Partner
2247,
2248,INNIO-Genset
2249,INNIO-Genset
2250,
2251,
2252,INNIO-Genset
2253,
2254,INNIO-Genset
2255,INNIO-Genset
2256,INNIO-Genset
2257,
2258,
2259,
2260,INNIO-Genset
2261,INNIO-Genset
2262,INNIO-Genset
2263,
2264,
2265,
2266,
2267,
2268,
2269,Unclear
2270,
2271,
2272,
2273,
2274,INNIO-Genset
2275,INNIO-Genset
2276,Unclear
2277,Unclear 
2278,
2279,
2280,
2281,INNIO-Genset
2282,INNIO-Genset
2283,
2284,
2285,INNIO-Genset
2286,INNIO-Genset
2287,INNIO-Genset
2288,Unclear
2289,Unclear
2290,INNIO-Genset
2291,INNIO-Genset
2292,
2296,
2297,INNIO-Genset
2298,INNIO-Genset
2299,INNIO-Genset
2300,
2301,INNIO-Genset
2302,
2303,
2304,INNIO-Genset
2305,
2306,
2307,
2308,INNIO-Genset
2309,INNIO-Genset
2314,INNIO-Genset
2315,INNIO-Genset
2317,
2318,
2324,Partner
2326,INNIO-Genset
2327,INNIO-Genset
3001,
3002,
3003,INNIO-Genset
3004,
3005,
3024,
3025,
3026,
3027,
3028,
3029,
3030,
3031,
3032,
3051,
3052,
3053,
3092,
3093,
3094,
3095,
3096,
3097,
3098,
3099,
3100,
3301,
3302,
3303,
3304,
3305,
3306,
3307,
3308,
3309,
3310,
3311,Unclear
3312,
3313,
3314,
3315,
3316,
3317,
3318,
3319,Unclear
3320,
3321,
3322,INNIO-Genset
3323,INNIO-Genset
3324,
3325,
3326,
3327,
3328,
3329,Partner
3330,INNIO-Genset
3331,INNIO-Genset
3332,INNIO-Genset
3333,INNIO-Genset
3334,INNIO-Genset
3335,INNIO-Genset
3336,INNIO-Genset
3337,INNIO-Genset
3338,INNIO-Genset
3339,INNIO-Genset
3340,
3341,
3342,
3343,INNIO-Genset
3344,INNIO-Genset
3345,INNIO-Genset
3346,
3347,
3348,
3349,
3350,
3351,
3352,
3353,
3354,
3355,
3356,
3357,
3358,
3359,
3360,
3361,
3362,
3363,
3364,
3365,
3366,INNIO-Genset
3367,
3368,INNIO-Genset
3369,Unclear
3370,
3371,
3372,
3373,
3374,
3375,
3376,INNIO-Genset
3377,INNIO-Genset
3378,
3379,INNIO-Genset
3380,INNIO-Genset
3381,Unclear
3382,INNIO-Genset
3383,Partner
3384,
3385,
3386,
3387,
3388,
3389,
3390,
3391,
3392,
3393,
3394,
3395,
3396,
3397,
3398,INNIO-Genset
3399,
3400,Unclear
3701,
3790,
8966,INNIO-Genset
8967,INNIO-Genset
8968,INNIO-Genset
8969,INNIO-Genset
8970,INNIO-Genset
8971,INNIO-Genset